frame,time_video_s,time_real_s,x_center_px,y_center_px,radius_px,x_left_px,y_top_px,x_right_px,y_bottom_px,confidence,valid,method,roi_x_px,roi_y_px,roi_w_px,roi_h_px,video_fps,time_scale
0,0.0,0.0,561.0,212.0,76.0,485.0,136.0,637.0,288.0,0.4871163589557284,True,hough,208,70,454,352,30.00028571700683,1.0
1,0.033333015873015875,0.033333015873015875,565.0,213.0,72.0,493.0,141.0,637.0,285.0,0.5187734196704283,True,hough,208,70,454,352,30.00028571700683,1.0
2,0.06666603174603175,0.06666603174603175,564.0,216.0,72.0,492.0,144.0,636.0,288.0,0.5187592549626143,True,hough,208,70,454,352,30.00028571700683,1.0
3,0.09999904761904761,0.09999904761904761,563.0,213.0,75.0,488.0,138.0,638.0,288.0,0.4962880115622086,True,hough,208,70,454,352,30.00028571700683,1.0
4,0.1333320634920635,0.1333320634920635,561.0,215.0,75.0,486.0,140.0,636.0,290.0,0.496764088661602,True,hough,208,70,454,352,30.00028571700683,1.0
5,0.16666507936507938,0.16666507936507938,561.0,215.0,75.0,486.0,140.0,636.0,290.0,0.4968318239640445,True,hough,208,70,454,352,30.00028571700683,1.0
6,0.19999809523809522,0.19999809523809522,565.0,215.0,72.0,493.0,143.0,637.0,287.0,0.5166046257320662,True,hough,208,70,454,352,30.00028571700683,1.0
7,0.2333311111111111,0.2333311111111111,565.0,215.0,72.0,493.0,143.0,637.0,287.0,0.5163635782016691,True,hough,208,70,454,352,30.00028571700683,1.0
8,0.266664126984127,0.266664126984127,565.0,215.0,72.0,493.0,143.0,637.0,287.0,0.5162012198034733,True,hough,208,70,454,352,30.00028571700683,1.0
9,0.29999714285714285,0.29999714285714285,564.0,217.0,72.0,492.0,145.0,636.0,289.0,0.5160383452823208,True,hough,208,70,454,352,30.00028571700683,1.0
10,0.33333015873015875,0.33333015873015875,561.0,217.0,74.0,487.0,143.0,635.0,291.0,0.5002643138551957,True,hough,208,70,454,352,30.00028571700683,1.0
11,0.3666631746031746,0.3666631746031746,565.0,215.0,72.0,493.0,143.0,637.0,287.0,0.5163892379637577,True,hough,208,70,454,352,30.00028571700683,1.0
12,0.39999619047619045,0.39999619047619045,565.0,215.0,72.0,493.0,143.0,637.0,287.0,0.5163987741654066,True,hough,208,70,454,352,30.00028571700683,1.0
13,0.43332920634920635,0.43332920634920635,564.0,217.0,72.0,492.0,145.0,636.0,289.0,0.5162777720055376,True,hough,208,70,454,352,30.00028571700683,1.0
14,0.4666622222222222,0.4666622222222222,563.0,229.0,74.0,489.0,155.0,637.0,303.0,0.5281290898185096,True,hough,208,70,454,352,30.00028571700683,1.0
15,0.4999952380952381,0.4999952380952381,551.0,225.0,84.0,467.0,141.0,635.0,309.0,0.44231863208547906,True,hough,208,70,454,352,30.00028571700683,1.0
16,0.533328253968254,0.533328253968254,563.0,228.0,74.0,489.0,154.0,637.0,302.0,0.5282294455834526,True,hough,208,70,454,352,30.00028571700683,1.0
17,0.5666612698412699,0.5666612698412699,560.0,241.0,74.0,486.0,167.0,634.0,315.0,0.587288508893532,True,hough,208,70,454,352,30.00028571700683,1.0
18,0.5999942857142857,0.5999942857142857,559.0,319.0,84.0,475.0,235.0,643.0,403.0,0.5686038326067484,True,hough,208,70,454,352,30.00028571700683,1.0
19,0.6333273015873015,0.6333273015873015,559.0,317.0,83.0,476.0,234.0,642.0,400.0,0.5821019534155231,True,hough,208,70,454,352,30.00028571700683,1.0
20,0.6666603174603175,0.6666603174603175,558.0,318.0,83.0,475.0,235.0,641.0,401.0,0.5811891516125698,True,hough,208,70,454,352,30.00028571700683,1.0
21,0.6999933333333334,0.6999933333333334,545.0,315.0,80.0,465.0,235.0,625.0,395.0,0.6102734862860142,True,hough,208,70,454,352,30.00028571700683,1.0
22,0.7333263492063492,0.7333263492063492,547.0,291.0,78.0,469.0,213.0,625.0,369.0,0.6167344162923565,True,hough,208,70,454,352,30.00028571700683,1.0
23,0.766659365079365,0.766659365079365,551.0,289.0,74.0,477.0,215.0,625.0,363.0,0.6600070542887739,True,hough,208,70,454,352,30.00028571700683,1.0
24,0.7999923809523809,0.7999923809523809,552.0,283.0,68.0,484.0,215.0,620.0,351.0,0.73440516613659,True,hough,208,70,454,352,30.00028571700683,1.0
25,0.8333253968253969,0.8333253968253969,551.0,284.0,70.0,481.0,214.0,621.0,354.0,0.7108616726253139,True,hough,208,70,454,352,30.00028571700683,1.0
26,0.8666584126984127,0.8666584126984127,549.0,290.0,75.0,474.0,215.0,624.0,365.0,0.648073533781286,True,hough,208,70,454,352,30.00028571700683,1.0
27,0.8999914285714286,0.8999914285714286,551.0,293.0,72.0,479.0,221.0,623.0,365.0,0.6798904259520371,True,hough,208,70,454,352,30.00028571700683,1.0
28,0.9333244444444444,0.9333244444444444,543.0,294.0,72.0,471.0,222.0,615.0,366.0,0.7052483360947286,True,hough,208,70,454,352,30.00028571700683,1.0
29,0.9666574603174604,0.9666574603174604,543.0,294.0,72.0,471.0,222.0,615.0,366.0,0.7054360509195907,True,hough,208,70,454,352,30.00028571700683,1.0
30,0.9999904761904762,0.9999904761904762,545.0,291.0,71.0,474.0,220.0,616.0,362.0,0.723556642844382,True,hough,208,70,454,352,30.00028571700683,1.0
31,1.033323492063492,1.033323492063492,555.0,296.0,60.0,495.0,236.0,615.0,356.0,0.8484773352809405,True,hough,208,70,454,352,30.00028571700683,1.0
32,1.066656507936508,1.066656507936508,546.0,309.0,76.0,470.0,233.0,622.0,385.0,0.6773765685568103,True,hough,208,70,454,352,30.00028571700683,1.0
33,1.0999895238095239,1.0999895238095239,545.0,313.0,82.0,463.0,231.0,627.0,395.0,0.6132810071131476,True,hough,208,70,454,352,30.00028571700683,1.0
34,1.1333225396825397,1.1333225396825397,540.0,279.0,67.0,473.0,212.0,607.0,346.0,0.7787876412471189,True,hough,208,70,454,352,30.00028571700683,1.0
35,1.1666555555555556,1.1666555555555556,545.0,299.0,72.0,473.0,227.0,617.0,371.0,0.7371773833740058,True,hough,208,70,454,352,30.00028571700683,1.0
36,1.1999885714285714,1.1999885714285714,551.0,299.0,67.0,484.0,232.0,618.0,366.0,0.7873769577383001,True,hough,208,70,454,352,30.00028571700683,1.0
37,1.2333215873015873,1.2333215873015873,543.0,309.0,76.0,467.0,233.0,619.0,385.0,0.6726851500307791,True,hough,208,70,454,352,30.00028571700683,1.0
38,1.266654603174603,1.266654603174603,534.0,335.0,79.0,455.0,256.0,613.0,414.0,0.6148032195314872,True,hough,208,70,454,352,30.00028571700683,1.0
39,1.299987619047619,1.299987619047619,535.0,308.0,84.0,451.0,224.0,619.0,392.0,0.5978973006603956,True,hough,208,70,454,352,30.00028571700683,1.0
40,1.333320634920635,1.333320634920635,552.0,311.0,79.0,473.0,232.0,631.0,390.0,0.6332355010102533,True,hough,208,70,454,352,30.00028571700683,1.0
41,1.3666536507936509,1.3666536507936509,536.0,335.0,80.0,456.0,255.0,616.0,415.0,0.604255420726042,True,hough,208,70,454,352,30.00028571700683,1.0
42,1.3999866666666667,1.3999866666666667,535.0,308.0,84.0,451.0,224.0,619.0,392.0,0.5992275640945544,True,hough,208,70,454,352,30.00028571700683,1.0
43,1.4333196825396826,1.4333196825396826,546.0,311.0,76.0,470.0,235.0,622.0,387.0,0.6693085590909549,True,hough,208,70,454,352,30.00028571700683,1.0
44,1.4666526984126984,1.4666526984126984,546.0,311.0,76.0,470.0,235.0,622.0,387.0,0.6691841574682369,True,hough,208,70,454,352,30.00028571700683,1.0
45,1.4999857142857143,1.4999857142857143,541.0,313.0,80.0,461.0,233.0,621.0,393.0,0.6274566542596427,True,hough,208,70,454,352,30.00028571700683,1.0
46,1.53331873015873,1.53331873015873,536.0,337.0,80.0,456.0,257.0,616.0,417.0,0.6010362634600281,True,hough,208,70,454,352,30.00028571700683,1.0
47,1.566651746031746,1.566651746031746,535.0,336.0,80.0,455.0,256.0,615.0,416.0,0.6014040740721471,True,hough,208,70,454,352,30.00028571700683,1.0
48,1.5999847619047618,1.5999847619047618,536.0,311.0,84.0,452.0,227.0,620.0,395.0,0.5942150749801718,True,hough,208,70,454,352,30.00028571700683,1.0
49,1.6333177777777779,1.6333177777777779,535.0,311.0,84.0,451.0,227.0,619.0,395.0,0.5944311694376538,True,hough,208,70,454,352,30.00028571700683,1.0
50,1.6666507936507937,1.6666507936507937,535.0,337.0,80.0,455.0,257.0,615.0,417.0,0.6006339821600772,True,hough,208,70,454,352,30.00028571700683,1.0
51,1.6999838095238096,1.6999838095238096,535.0,337.0,80.0,455.0,257.0,615.0,417.0,0.6006545630232676,True,hough,208,70,454,352,30.00028571700683,1.0
52,1.7333168253968254,1.7333168253968254,551.0,341.0,74.0,477.0,267.0,625.0,415.0,0.6616216249701843,True,hough,208,70,454,352,30.00028571700683,1.0
53,1.7666498412698413,1.7666498412698413,558.0,313.0,75.0,483.0,238.0,633.0,388.0,0.6720912310668233,True,hough,208,70,454,352,30.00028571700683,1.0
54,1.799982857142857,1.799982857142857,541.0,315.0,80.0,461.0,235.0,621.0,395.0,0.6244072518882664,True,hough,208,70,454,352,30.00028571700683,1.0
55,1.833315873015873,1.833315873015873,546.0,318.0,82.0,464.0,236.0,628.0,400.0,0.596900981215295,True,hough,208,70,454,352,30.00028571700683,1.0
56,1.8666488888888888,1.8666488888888888,545.0,318.0,82.0,463.0,236.0,627.0,400.0,0.5977311667561717,True,hough,208,70,454,352,30.00028571700683,1.0
57,1.8999819047619046,1.8999819047619046,534.0,337.0,80.0,454.0,257.0,614.0,417.0,0.5994863970366897,True,hough,208,70,454,352,30.00028571700683,1.0
58,1.9333149206349207,1.9333149206349207,534.0,337.0,80.0,454.0,257.0,614.0,417.0,0.5993742507389992,True,hough,208,70,454,352,30.00028571700683,1.0
59,1.9666479365079366,1.9666479365079366,534.0,337.0,80.0,454.0,257.0,614.0,417.0,0.5993961058532375,True,hough,208,70,454,352,30.00028571700683,1.0
60,1.9999809523809524,1.9999809523809524,546.0,315.0,79.0,467.0,236.0,625.0,394.0,0.6326645879640316,True,hough,208,70,454,352,30.00028571700683,1.0
61,2.0333139682539683,2.0333139682539683,543.0,312.0,76.0,467.0,236.0,619.0,388.0,0.6706696219712796,True,hough,208,70,454,352,30.00028571700683,1.0
62,2.066646984126984,2.066646984126984,549.0,314.0,79.0,470.0,235.0,628.0,393.0,0.6317681416039072,True,hough,208,70,454,352,30.00028571700683,1.0
63,2.09998,2.09998,546.0,318.0,82.0,464.0,236.0,628.0,400.0,0.5961910820004078,True,hough,208,70,454,352,30.00028571700683,1.0
64,2.133313015873016,2.133313015873016,543.0,313.0,76.0,467.0,237.0,619.0,389.0,0.6698963914100895,True,hough,208,70,454,352,30.00028571700683,1.0
65,2.1666460317460317,2.1666460317460317,543.0,313.0,76.0,467.0,237.0,619.0,389.0,0.6698529688272632,True,hough,208,70,454,352,30.00028571700683,1.0
66,2.1999790476190477,2.1999790476190477,533.0,353.0,60.0,473.0,293.0,593.0,413.0,0.7567733926090006,True,hough,208,70,454,352,30.00028571700683,1.0
67,2.2333120634920633,2.2333120634920633,533.0,353.0,60.0,473.0,293.0,593.0,413.0,0.7567846368533544,True,hough,208,70,454,352,30.00028571700683,1.0
68,2.2666450793650794,2.2666450793650794,534.0,338.0,80.0,454.0,258.0,614.0,418.0,0.5975151013723655,True,hough,208,70,454,352,30.00028571700683,1.0
69,2.299978095238095,2.299978095238095,535.0,313.0,84.0,451.0,229.0,619.0,397.0,0.5905575362858435,True,hough,208,70,454,352,30.00028571700683,1.0
70,2.333311111111111,2.333311111111111,531.0,339.0,80.0,451.0,259.0,611.0,419.0,0.5954308257767631,True,hough,208,70,454,352,30.00028571700683,1.0
71,2.366644126984127,2.366644126984127,533.0,339.0,80.0,453.0,259.0,613.0,419.0,0.5966515924560257,True,hough,208,70,454,352,30.00028571700683,1.0
72,2.399977142857143,2.399977142857143,533.0,339.0,80.0,453.0,259.0,613.0,419.0,0.5965317042288361,True,hough,208,70,454,352,30.00028571700683,1.0
73,2.433310158730159,2.433310158730159,546.0,321.0,84.0,462.0,237.0,630.0,405.0,0.5732221804202786,True,hough,208,70,454,352,30.00028571700683,1.0
74,2.4666431746031745,2.4666431746031745,547.0,323.0,84.0,463.0,239.0,631.0,407.0,0.5707944961355222,True,hough,208,70,454,352,30.00028571700683,1.0
75,2.4999761904761906,2.4999761904761906,533.0,337.0,79.0,454.0,258.0,612.0,416.0,0.6122963224323503,True,hough,208,70,454,352,30.00028571700683,1.0
76,2.533309206349206,2.533309206349206,546.0,323.0,84.0,462.0,239.0,630.0,407.0,0.5714086099643096,True,hough,208,70,454,352,30.00028571700683,1.0
77,2.5666422222222223,2.5666422222222223,547.0,323.0,84.0,463.0,239.0,631.0,407.0,0.57191504698542,True,hough,208,70,454,352,30.00028571700683,1.0
78,2.599975238095238,2.599975238095238,549.0,323.0,84.0,465.0,239.0,633.0,407.0,0.5717539586717229,True,hough,208,70,454,352,30.00028571700683,1.0
79,2.633308253968254,2.633308253968254,548.0,319.0,80.0,468.0,239.0,628.0,399.0,0.6228615280013807,True,hough,208,70,454,352,30.00028571700683,1.0
80,2.66664126984127,2.66664126984127,545.0,314.0,75.0,470.0,239.0,620.0,389.0,0.6917756810426812,True,hough,208,70,454,352,30.00028571700683,1.0
81,2.6999742857142857,2.6999742857142857,543.0,314.0,75.0,468.0,239.0,618.0,389.0,0.6922857291604281,True,hough,208,70,454,352,30.00028571700683,1.0
82,2.7333073015873017,2.7333073015873017,543.0,314.0,75.0,468.0,239.0,618.0,389.0,0.6919270563111584,True,hough,208,70,454,352,30.00028571700683,1.0
83,2.7666403174603174,2.7666403174603174,545.0,313.0,74.0,471.0,239.0,619.0,387.0,0.705685084734361,True,hough,208,70,454,352,30.00028571700683,1.0
84,2.7999733333333334,2.7999733333333334,529.0,333.0,83.0,446.0,250.0,612.0,416.0,0.5698920538979001,True,hough,208,70,454,352,30.00028571700683,1.0
85,2.833306349206349,2.833306349206349,535.0,343.0,80.0,455.0,263.0,615.0,423.0,0.5944294825715966,True,hough,208,70,454,352,30.00028571700683,1.0
86,2.866639365079365,2.866639365079365,533.0,341.0,80.0,453.0,261.0,613.0,421.0,0.5954443555400453,True,hough,208,70,454,352,30.00028571700683,1.0
87,2.8999723809523807,2.8999723809523807,535.0,343.0,80.0,455.0,263.0,615.0,423.0,0.5937444473009438,True,hough,208,70,454,352,30.00028571700683,1.0
88,2.933305396825397,2.933305396825397,545.0,341.0,79.0,466.0,262.0,624.0,420.0,0.6083340360058014,True,hough,208,70,454,352,30.00028571700683,1.0
89,2.966638412698413,2.966638412698413,545.0,317.0,76.0,469.0,241.0,621.0,393.0,0.6700110878265872,True,hough,208,70,454,352,30.00028571700683,1.0
90,2.9999714285714285,2.9999714285714285,542.0,317.0,76.0,466.0,241.0,618.0,393.0,0.6706107186582302,True,hough,208,70,454,352,30.00028571700683,1.0
91,3.0333044444444446,3.0333044444444446,542.0,317.0,76.0,466.0,241.0,618.0,393.0,0.6708280438779732,True,hough,208,70,454,352,30.00028571700683,1.0
92,3.06663746031746,3.06663746031746,549.0,323.0,84.0,465.0,239.0,633.0,407.0,0.567853421544569,True,hough,208,70,454,352,30.00028571700683,1.0
93,3.0999704761904763,3.0999704761904763,549.0,323.0,84.0,465.0,239.0,633.0,407.0,0.5677972515366934,True,hough,208,70,454,352,30.00028571700683,1.0
94,3.133303492063492,3.133303492063492,534.0,341.0,80.0,454.0,261.0,614.0,421.0,0.5930619979607903,True,hough,208,70,454,352,30.00028571700683,1.0
95,3.166636507936508,3.166636507936508,551.0,323.0,84.0,467.0,239.0,635.0,407.0,0.5662665941827112,True,hough,208,70,454,352,30.00028571700683,1.0
96,3.1999695238095236,3.1999695238095236,535.0,342.0,80.0,455.0,262.0,615.0,422.0,0.5922307415421719,True,hough,208,70,454,352,30.00028571700683,1.0
97,3.2333025396825397,3.2333025396825397,535.0,342.0,80.0,455.0,262.0,615.0,422.0,0.592154382761608,True,hough,208,70,454,352,30.00028571700683,1.0
98,3.2666355555555557,3.2666355555555557,534.0,341.0,80.0,454.0,261.0,614.0,421.0,0.5929058240924081,True,hough,208,70,454,352,30.00028571700683,1.0
99,3.2999685714285714,3.2999685714285714,541.0,315.0,78.0,463.0,237.0,619.0,393.0,0.6509389616302992,True,hough,208,70,454,352,30.00028571700683,1.0
100,3.3333015873015874,3.3333015873015874,545.0,313.0,74.0,471.0,239.0,619.0,387.0,0.7036204078195656,True,hough,208,70,454,352,30.00028571700683,1.0
101,3.366634603174603,3.366634603174603,548.0,324.0,84.0,464.0,240.0,632.0,408.0,0.5696471276864936,True,hough,208,70,454,352,30.00028571700683,1.0
102,3.399967619047619,3.399967619047619,548.0,324.0,84.0,464.0,240.0,632.0,408.0,0.5696720693714765,True,hough,208,70,454,352,30.00028571700683,1.0
103,3.4333006349206348,3.4333006349206348,541.0,337.0,75.0,466.0,262.0,616.0,412.0,0.664527465339757,True,hough,208,70,454,352,30.00028571700683,1.0
104,3.466633650793651,3.466633650793651,545.0,319.0,79.0,466.0,240.0,624.0,398.0,0.6379484569900096,True,hough,208,70,454,352,30.00028571700683,1.0
105,3.4999666666666664,3.4999666666666664,545.0,319.0,79.0,466.0,240.0,624.0,398.0,0.6378633005389118,True,hough,208,70,454,352,30.00028571700683,1.0
106,3.5332996825396825,3.5332996825396825,545.0,319.0,79.0,466.0,240.0,624.0,398.0,0.6378294322641156,True,hough,208,70,454,352,30.00028571700683,1.0
107,3.5666326984126986,3.5666326984126986,546.0,319.0,79.0,467.0,240.0,625.0,398.0,0.6383298431604556,True,hough,208,70,454,352,30.00028571700683,1.0
108,3.599965714285714,3.599965714285714,549.0,308.0,70.0,479.0,238.0,619.0,378.0,0.7589467638790142,True,hough,208,70,454,352,30.00028571700683,1.0
109,3.6332987301587303,3.6332987301587303,545.0,319.0,79.0,466.0,240.0,624.0,398.0,0.6390665908145154,True,hough,208,70,454,352,30.00028571700683,1.0
110,3.666631746031746,3.666631746031746,545.0,319.0,79.0,466.0,240.0,624.0,398.0,0.6389165410362141,True,hough,208,70,454,352,30.00028571700683,1.0
111,3.699964761904762,3.699964761904762,549.0,308.0,70.0,479.0,238.0,619.0,378.0,0.7589046095034411,True,hough,208,70,454,352,30.00028571700683,1.0
112,3.7332977777777776,3.7332977777777776,543.0,318.0,78.0,465.0,240.0,621.0,396.0,0.656222811812792,True,hough,208,70,454,352,30.00028571700683,1.0
113,3.7666307936507937,3.7666307936507937,543.0,315.0,75.0,468.0,240.0,618.0,390.0,0.6969156304274733,True,hough,208,70,454,352,30.00028571700683,1.0
114,3.7999638095238093,3.7999638095238093,545.0,313.0,72.0,473.0,241.0,617.0,385.0,0.7388503642466702,True,hough,208,70,454,352,30.00028571700683,1.0
115,3.8332968253968254,3.8332968253968254,548.0,320.0,80.0,468.0,240.0,628.0,400.0,0.6275506083045841,True,hough,208,70,454,352,30.00028571700683,1.0
116,3.8666298412698414,3.8666298412698414,527.0,339.0,79.0,448.0,260.0,606.0,418.0,0.6148039506815863,True,hough,208,70,454,352,30.00028571700683,1.0
117,3.899962857142857,3.899962857142857,547.0,347.0,74.0,473.0,273.0,621.0,421.0,0.6645897489672967,True,hough,208,70,454,352,30.00028571700683,1.0
118,3.933295873015873,3.933295873015873,534.0,317.0,84.0,450.0,233.0,618.0,401.0,0.5944645914948605,True,hough,208,70,454,352,30.00028571700683,1.0
119,3.9666288888888888,3.9666288888888888,534.0,337.0,80.0,454.0,257.0,614.0,417.0,0.6086056063956486,True,hough,208,70,454,352,30.00028571700683,1.0
120,3.999961904761905,3.999961904761905,547.0,324.0,84.0,463.0,240.0,631.0,408.0,0.5725207867511677,True,hough,208,70,454,352,30.00028571700683,1.0
121,4.033294920634921,4.033294920634921,547.0,324.0,84.0,463.0,240.0,631.0,408.0,0.5724816096019725,True,hough,208,70,454,352,30.00028571700683,1.0
122,4.0666279365079365,4.0666279365079365,537.0,333.0,71.0,466.0,262.0,608.0,404.0,0.7159692488783849,True,hough,208,70,454,352,30.00028571700683,1.0
123,4.099960952380952,4.099960952380952,543.0,313.0,74.0,469.0,239.0,617.0,387.0,0.7063421849792169,True,hough,208,70,454,352,30.00028571700683,1.0
124,4.133293968253968,4.133293968253968,528.0,336.0,82.0,446.0,254.0,610.0,418.0,0.5813173282242184,True,hough,208,70,454,352,30.00028571700683,1.0
125,4.166626984126984,4.166626984126984,547.0,324.0,84.0,463.0,240.0,631.0,408.0,0.5721587995490216,True,hough,208,70,454,352,30.00028571700683,1.0
126,4.19996,4.19996,543.0,313.0,74.0,469.0,239.0,617.0,387.0,0.7060548844020325,True,hough,208,70,454,352,30.00028571700683,1.0
127,4.2332930158730155,4.2332930158730155,546.0,324.0,84.0,462.0,240.0,630.0,408.0,0.573142786285179,True,hough,208,70,454,352,30.00028571700683,1.0
128,4.266626031746032,4.266626031746032,549.0,308.0,70.0,479.0,238.0,619.0,378.0,0.7589604114378232,True,hough,208,70,454,352,30.00028571700683,1.0
129,4.299959047619048,4.299959047619048,548.0,319.0,80.0,468.0,239.0,628.0,399.0,0.6267873758665465,True,hough,208,70,454,352,30.00028571700683,1.0
130,4.333292063492063,4.333292063492063,549.0,324.0,84.0,465.0,240.0,633.0,408.0,0.575235849123652,True,hough,208,70,454,352,30.00028571700683,1.0
131,4.366625079365079,4.366625079365079,543.0,315.0,75.0,468.0,240.0,618.0,390.0,0.6960321036796671,True,hough,208,70,454,352,30.00028571700683,1.0
132,4.3999580952380954,4.3999580952380954,547.0,318.0,78.0,469.0,240.0,625.0,396.0,0.6573306475107847,True,hough,208,70,454,352,30.00028571700683,1.0
133,4.433291111111111,4.433291111111111,540.0,342.0,78.0,462.0,264.0,618.0,420.0,0.6384057825205685,True,hough,208,70,454,352,30.00028571700683,1.0
134,4.466624126984127,4.466624126984127,531.0,356.0,63.0,468.0,293.0,594.0,419.0,0.744162435921488,True,hough,208,70,454,352,30.00028571700683,1.0
135,4.499957142857143,4.499957142857143,525.0,341.0,79.0,446.0,262.0,604.0,420.0,0.6248326671025164,True,hough,208,70,454,352,30.00028571700683,1.0
136,4.533290158730159,4.533290158730159,533.0,342.0,78.0,455.0,264.0,611.0,420.0,0.6483998990902169,True,hough,208,70,454,352,30.00028571700683,1.0
137,4.5666231746031745,4.5666231746031745,523.0,342.0,78.0,445.0,264.0,601.0,420.0,0.643334400233811,True,hough,208,70,454,352,30.00028571700683,1.0
138,4.59995619047619,4.59995619047619,542.0,294.0,53.0,489.0,241.0,595.0,347.0,0.9131093230036207,True,hough,208,70,454,352,30.00028571700683,1.0
139,4.633289206349207,4.633289206349207,531.0,320.0,84.0,447.0,236.0,615.0,404.0,0.609582223714694,True,hough,208,70,454,352,30.00028571700683,1.0
140,4.666622222222222,4.666622222222222,539.0,320.0,78.0,461.0,242.0,617.0,398.0,0.6719532934973282,True,hough,208,70,454,352,30.00028571700683,1.0
141,4.699955238095238,4.699955238095238,546.0,323.0,80.0,466.0,243.0,626.0,403.0,0.6424464907649334,True,hough,208,70,454,352,30.00028571700683,1.0
142,4.733288253968254,4.733288253968254,542.0,324.0,80.0,462.0,244.0,622.0,404.0,0.6492531444059229,True,hough,208,70,454,352,30.00028571700683,1.0
143,4.76662126984127,4.76662126984127,542.0,324.0,80.0,462.0,244.0,622.0,404.0,0.6491249991784079,True,hough,208,70,454,352,30.00028571700683,1.0
144,4.799954285714286,4.799954285714286,541.0,317.0,74.0,467.0,243.0,615.0,391.0,0.7292337958491215,True,hough,208,70,454,352,30.00028571700683,1.0
145,4.833287301587301,4.833287301587301,545.0,326.0,83.0,462.0,243.0,628.0,409.0,0.6130054902428945,True,hough,208,70,454,352,30.00028571700683,1.0
146,4.866620317460318,4.866620317460318,540.0,323.0,79.0,461.0,244.0,619.0,402.0,0.6669792887383497,True,hough,208,70,454,352,30.00028571700683,1.0
147,4.899953333333333,4.899953333333333,540.0,323.0,79.0,461.0,244.0,619.0,402.0,0.6668727524067,True,hough,208,70,454,352,30.00028571700683,1.0
148,4.933286349206349,4.933286349206349,530.0,320.0,84.0,446.0,236.0,614.0,404.0,0.6239433409533481,True,hough,208,70,454,352,30.00028571700683,1.0
149,4.966619365079365,4.966619365079365,540.0,319.0,75.0,465.0,244.0,615.0,394.0,0.7199329281192646,True,hough,208,70,454,352,30.00028571700683,1.0
150,4.999952380952381,4.999952380952381,554.0,326.0,79.0,475.0,247.0,633.0,405.0,0.6526386972379195,True,hough,208,70,454,352,30.00028571700683,1.0
151,5.033285396825397,5.033285396825397,535.0,339.0,72.0,463.0,267.0,607.0,411.0,0.7358809247622378,True,hough,208,70,454,352,30.00028571700683,1.0
152,5.066618412698412,5.066618412698412,543.0,312.0,71.0,472.0,241.0,614.0,383.0,0.7532978925979357,True,hough,208,70,454,352,30.00028571700683,1.0
153,5.099951428571429,5.099951428571429,541.0,317.0,75.0,466.0,242.0,616.0,392.0,0.7055267272013088,True,hough,208,70,454,352,30.00028571700683,1.0
154,5.1332844444444445,5.1332844444444445,543.0,342.0,78.0,465.0,264.0,621.0,420.0,0.6455260312689768,True,hough,208,70,454,352,30.00028571700683,1.0
155,5.16661746031746,5.16661746031746,540.0,317.0,76.0,464.0,241.0,616.0,393.0,0.6941528674073849,True,hough,208,70,454,352,30.00028571700683,1.0
156,5.199950476190476,5.199950476190476,541.0,317.0,75.0,466.0,242.0,616.0,392.0,0.7053101196412173,True,hough,208,70,454,352,30.00028571700683,1.0
157,5.233283492063492,5.233283492063492,539.0,321.0,79.0,460.0,242.0,618.0,400.0,0.6512811355433739,True,hough,208,70,454,352,30.00028571700683,1.0
158,5.266616507936508,5.266616507936508,527.0,338.0,82.0,445.0,256.0,609.0,420.0,0.5962533862216556,True,hough,208,70,454,352,30.00028571700683,1.0
159,5.2999495238095236,5.2999495238095236,542.0,318.0,78.0,464.0,240.0,620.0,396.0,0.6594313566520476,True,hough,208,70,454,352,30.00028571700683,1.0
160,5.33328253968254,5.33328253968254,542.0,314.0,75.0,467.0,239.0,617.0,389.0,0.699139210065952,True,hough,208,70,454,352,30.00028571700683,1.0
161,5.366615555555556,5.366615555555556,546.0,317.0,78.0,468.0,239.0,624.0,395.0,0.6524934583308581,True,hough,208,70,454,352,30.00028571700683,1.0
162,5.399948571428571,5.399948571428571,547.0,323.0,84.0,463.0,239.0,631.0,407.0,0.5714782812385935,True,hough,208,70,454,352,30.00028571700683,1.0
163,5.433281587301587,5.433281587301587,534.0,338.0,78.0,456.0,260.0,612.0,416.0,0.6244717043888186,True,hough,208,70,454,352,30.00028571700683,1.0
164,5.4666146031746035,5.4666146031746035,531.0,341.0,80.0,451.0,261.0,611.0,421.0,0.596232449299535,True,hough,208,70,454,352,30.00028571700683,1.0
165,5.499947619047619,5.499947619047619,531.0,339.0,80.0,451.0,259.0,611.0,419.0,0.5979942392951507,True,hough,208,70,454,352,30.00028571700683,1.0
166,5.533280634920635,5.533280634920635,546.0,320.0,84.0,462.0,236.0,630.0,404.0,0.5750634134119164,True,hough,208,70,454,352,30.00028571700683,1.0
167,5.56661365079365,5.56661365079365,554.0,293.0,58.0,496.0,235.0,612.0,351.0,0.8688480880399279,True,hough,208,70,454,352,30.00028571700683,1.0
168,5.599946666666667,5.599946666666667,531.0,339.0,80.0,451.0,259.0,611.0,419.0,0.5972145978235031,True,hough,208,70,454,352,30.00028571700683,1.0
169,5.6332796825396825,5.6332796825396825,539.0,330.0,72.0,467.0,258.0,611.0,402.0,0.7060004872107011,True,hough,208,70,454,352,30.00028571700683,1.0
170,5.666612698412698,5.666612698412698,553.0,242.0,78.0,475.0,164.0,631.0,320.0,0.558062661939875,True,hough,208,70,454,352,30.00028571700683,1.0
171,5.699945714285715,5.699945714285715,551.0,245.0,79.0,472.0,166.0,630.0,324.0,0.5430640588317064,True,hough,208,70,454,352,30.00028571700683,1.0
172,5.73327873015873,5.73327873015873,554.0,242.0,76.0,478.0,166.0,630.0,318.0,0.5758227943850727,True,hough,208,70,454,352,30.00028571700683,1.0
173,5.766611746031746,5.766611746031746,554.0,242.0,76.0,478.0,166.0,630.0,318.0,0.5759006956697243,True,hough,208,70,454,352,30.00028571700683,1.0
174,5.7999447619047615,5.7999447619047615,554.0,243.0,76.0,478.0,167.0,630.0,319.0,0.575218899861746,True,hough,208,70,454,352,30.00028571700683,1.0
175,5.833277777777778,5.833277777777778,557.0,206.0,84.0,473.0,122.0,641.0,290.0,0.40454238545525867,True,hough,208,70,454,352,30.00028571700683,1.0
176,5.866610793650794,5.866610793650794,555.0,218.0,75.0,480.0,143.0,630.0,293.0,0.4843051441440837,True,hough,208,70,454,352,30.00028571700683,1.0
177,5.899943809523809,5.899943809523809,561.0,219.0,71.0,490.0,148.0,632.0,290.0,0.5093736952076027,True,hough,208,70,454,352,30.00028571700683,1.0
178,5.933276825396826,5.933276825396826,564.0,225.0,64.0,500.0,161.0,628.0,289.0,0.5592538910417684,True,hough,208,70,454,352,30.00028571700683,1.0
179,5.966609841269841,5.966609841269841,555.0,217.0,75.0,480.0,142.0,630.0,292.0,0.4857992348740638,True,hough,208,70,454,352,30.00028571700683,1.0
180,5.999942857142857,5.999942857142857,554.0,219.0,75.0,479.0,144.0,629.0,294.0,0.48751874920116456,True,hough,208,70,454,352,30.00028571700683,1.0
181,6.033275873015873,6.033275873015873,559.0,217.0,72.0,487.0,145.0,631.0,289.0,0.5073717776146776,True,hough,208,70,454,352,30.00028571700683,1.0
182,6.066608888888889,6.066608888888889,555.0,221.0,72.0,483.0,149.0,627.0,293.0,0.5108215872226534,True,hough,208,70,454,352,30.00028571700683,1.0
183,6.099941904761905,6.099941904761905,553.0,216.0,78.0,475.0,138.0,631.0,294.0,0.4608459477645404,True,hough,208,70,454,352,30.00028571700683,1.0
184,6.13327492063492,6.13327492063492,555.0,217.0,75.0,480.0,142.0,630.0,292.0,0.48851084473736944,True,hough,208,70,454,352,30.00028571700683,1.0
185,6.166607936507936,6.166607936507936,565.0,217.0,67.0,498.0,150.0,632.0,284.0,0.5354970994921522,True,hough,208,70,454,352,30.00028571700683,1.0
186,6.1999409523809526,6.1999409523809526,553.0,218.0,75.0,478.0,143.0,628.0,293.0,0.4908202926320098,True,hough,208,70,454,352,30.00028571700683,1.0
187,6.233273968253968,6.233273968253968,553.0,213.0,79.0,474.0,134.0,632.0,292.0,0.4568741270690438,True,hough,208,70,454,352,30.00028571700683,1.0
188,6.266606984126984,6.266606984126984,554.0,218.0,75.0,479.0,143.0,629.0,293.0,0.49018653278785146,True,hough,208,70,454,352,30.00028571700683,1.0
189,6.29994,6.29994,554.0,217.0,75.0,479.0,142.0,629.0,292.0,0.4905182497089816,True,hough,208,70,454,352,30.00028571700683,1.0
190,6.333273015873016,6.333273015873016,555.0,217.0,75.0,480.0,142.0,630.0,292.0,0.4902465509360674,True,hough,208,70,454,352,30.00028571700683,1.0
191,6.366606031746032,6.366606031746032,555.0,217.0,75.0,480.0,142.0,630.0,292.0,0.49030980607112457,True,hough,208,70,454,352,30.00028571700683,1.0
192,6.399939047619047,6.399939047619047,555.0,216.0,75.0,480.0,141.0,630.0,291.0,0.49033020755184137,True,hough,208,70,454,352,30.00028571700683,1.0
193,6.433272063492064,6.433272063492064,555.0,219.0,72.0,483.0,147.0,627.0,291.0,0.5135020235065197,True,hough,208,70,454,352,30.00028571700683,1.0
194,6.466605079365079,6.466605079365079,555.0,216.0,75.0,480.0,141.0,630.0,291.0,0.48968093847540245,True,hough,208,70,454,352,30.00028571700683,1.0
195,6.499938095238095,6.499938095238095,553.0,217.0,74.0,479.0,143.0,627.0,291.0,0.4977481450541674,True,hough,208,70,454,352,30.00028571700683,1.0
196,6.5332711111111115,6.5332711111111115,555.0,219.0,72.0,483.0,147.0,627.0,291.0,0.5130155625284336,True,hough,208,70,454,352,30.00028571700683,1.0
197,6.566604126984127,6.566604126984127,557.0,216.0,75.0,482.0,141.0,632.0,291.0,0.49045404831373346,True,hough,208,70,454,352,30.00028571700683,1.0
198,6.599937142857143,6.599937142857143,555.0,219.0,72.0,483.0,147.0,627.0,291.0,0.5125764988418791,True,hough,208,70,454,352,30.00028571700683,1.0
199,6.633270158730158,6.633270158730158,555.0,219.0,72.0,483.0,147.0,627.0,291.0,0.5119821168553549,True,hough,208,70,454,352,30.00028571700683,1.0
200,6.666603174603175,6.666603174603175,554.0,212.0,78.0,476.0,134.0,632.0,290.0,0.45950349312608335,True,hough,208,70,454,352,30.00028571700683,1.0
201,6.6999361904761905,6.6999361904761905,555.0,217.0,75.0,480.0,142.0,630.0,292.0,0.4883234297204144,True,hough,208,70,454,352,30.00028571700683,1.0
202,6.733269206349206,6.733269206349206,554.0,217.0,74.0,480.0,143.0,628.0,291.0,0.49688587552587105,True,hough,208,70,454,352,30.00028571700683,1.0
203,6.766602222222222,6.766602222222222,560.0,217.0,70.0,490.0,147.0,630.0,287.0,0.5208895401113443,True,hough,208,70,454,352,30.00028571700683,1.0
204,6.799935238095238,6.799935238095238,554.0,212.0,78.0,476.0,134.0,632.0,290.0,0.4589690180455598,True,hough,208,70,454,352,30.00028571700683,1.0
205,6.833268253968254,6.833268253968254,560.0,217.0,70.0,490.0,147.0,630.0,287.0,0.5204621562845942,True,hough,208,70,454,352,30.00028571700683,1.0
206,6.8666012698412695,6.8666012698412695,561.0,216.0,72.0,489.0,144.0,633.0,288.0,0.5038788038288944,True,hough,208,70,454,352,30.00028571700683,1.0
207,6.899934285714286,6.899934285714286,560.0,221.0,68.0,492.0,153.0,628.0,289.0,0.5355102566733219,True,hough,208,70,454,352,30.00028571700683,1.0
208,6.933267301587302,6.933267301587302,554.0,217.0,74.0,480.0,143.0,628.0,291.0,0.4964371877334156,True,hough,208,70,454,352,30.00028571700683,1.0
209,6.966600317460317,6.966600317460317,554.0,218.0,75.0,479.0,143.0,629.0,293.0,0.48503874970065675,True,hough,208,70,454,352,30.00028571700683,1.0
210,6.999933333333333,6.999933333333333,559.0,216.0,71.0,488.0,145.0,630.0,287.0,0.5126512711782301,True,hough,208,70,454,352,30.00028571700683,1.0
211,7.033266349206349,7.033266349206349,559.0,216.0,71.0,488.0,145.0,630.0,287.0,0.5123559259485047,True,hough,208,70,454,352,30.00028571700683,1.0
212,7.066599365079365,7.066599365079365,554.0,217.0,75.0,479.0,142.0,629.0,292.0,0.485346221826218,True,hough,208,70,454,352,30.00028571700683,1.0
213,7.099932380952381,7.099932380952381,554.0,217.0,75.0,479.0,142.0,629.0,292.0,0.485404158757005,True,hough,208,70,454,352,30.00028571700683,1.0
214,7.133265396825397,7.133265396825397,554.0,215.0,76.0,478.0,139.0,630.0,291.0,0.4770677950612051,True,hough,208,70,454,352,30.00028571700683,1.0
215,7.166598412698413,7.166598412698413,554.0,217.0,75.0,479.0,142.0,629.0,292.0,0.48640533395111324,True,hough,208,70,454,352,30.00028571700683,1.0
216,7.199931428571428,7.199931428571428,554.0,215.0,76.0,478.0,139.0,630.0,291.0,0.4768332325189469,True,hough,208,70,454,352,30.00028571700683,1.0
217,7.233264444444444,7.233264444444444,554.0,215.0,76.0,478.0,139.0,630.0,291.0,0.47799457531813544,True,hough,208,70,454,352,30.00028571700683,1.0
218,7.266597460317461,7.266597460317461,555.0,219.0,72.0,483.0,147.0,627.0,291.0,0.5130100104338196,True,hough,208,70,454,352,30.00028571700683,1.0
219,7.299930476190476,7.299930476190476,553.0,215.0,76.0,477.0,139.0,629.0,291.0,0.48039763278939984,True,hough,208,70,454,352,30.00028571700683,1.0
220,7.333263492063492,7.333263492063492,552.0,221.0,76.0,476.0,145.0,628.0,297.0,0.47865753136952155,True,hough,208,70,454,352,30.00028571700683,1.0
221,7.366596507936507,7.366596507936507,552.0,221.0,76.0,476.0,145.0,628.0,297.0,0.4787616584824357,True,hough,208,70,454,352,30.00028571700683,1.0
222,7.399929523809524,7.399929523809524,553.0,217.0,74.0,479.0,143.0,627.0,291.0,0.4987974634612255,True,hough,208,70,454,352,30.00028571700683,1.0
223,7.43326253968254,7.43326253968254,553.0,217.0,74.0,479.0,143.0,627.0,291.0,0.49852716991950824,True,hough,208,70,454,352,30.00028571700683,1.0
224,7.466595555555555,7.466595555555555,553.0,217.0,74.0,479.0,143.0,627.0,291.0,0.49848526104870694,True,hough,208,70,454,352,30.00028571700683,1.0
225,7.499928571428572,7.499928571428572,560.0,221.0,68.0,492.0,153.0,628.0,289.0,0.536037677914138,True,hough,208,70,454,352,30.00028571700683,1.0
226,7.533261587301587,7.533261587301587,554.0,217.0,74.0,480.0,143.0,628.0,291.0,0.497957273142092,True,hough,208,70,454,352,30.00028571700683,1.0
227,7.566594603174603,7.566594603174603,555.0,218.0,72.0,483.0,146.0,627.0,290.0,0.5111150680162393,True,hough,208,70,454,352,30.00028571700683,1.0
228,7.599927619047619,7.599927619047619,560.0,217.0,70.0,490.0,147.0,630.0,287.0,0.5197987366527721,True,hough,208,70,454,352,30.00028571700683,1.0
229,7.633260634920635,7.633260634920635,555.0,219.0,72.0,483.0,147.0,627.0,291.0,0.5069234523883983,True,hough,208,70,454,352,30.00028571700683,1.0
230,7.666593650793651,7.666593650793651,563.0,217.0,72.0,491.0,145.0,635.0,289.0,0.4969634926640985,True,hough,208,70,454,352,30.00028571700683,1.0
231,7.699926666666666,7.699926666666666,563.0,217.0,72.0,491.0,145.0,635.0,289.0,0.4966190183187295,True,hough,208,70,454,352,30.00028571700683,1.0
232,7.733259682539683,7.733259682539683,555.0,209.0,82.0,473.0,127.0,637.0,291.0,0.4154732470961983,True,hough,208,70,454,352,30.00028571700683,1.0
233,7.7665926984126985,7.7665926984126985,560.0,218.0,69.0,491.0,149.0,629.0,287.0,0.5246544446122181,True,hough,208,70,454,352,30.00028571700683,1.0
234,7.799925714285714,7.799925714285714,555.0,218.0,74.0,481.0,144.0,629.0,292.0,0.4886113412021666,True,hough,208,70,454,352,30.00028571700683,1.0
235,7.83325873015873,7.83325873015873,555.0,218.0,74.0,481.0,144.0,629.0,292.0,0.4879429062599933,True,hough,208,70,454,352,30.00028571700683,1.0
236,7.866591746031746,7.866591746031746,555.0,217.0,75.0,480.0,142.0,630.0,292.0,0.4791488627523875,True,hough,208,70,454,352,30.00028571700683,1.0
237,7.899924761904762,7.899924761904762,555.0,217.0,75.0,480.0,142.0,630.0,292.0,0.47890778285028796,True,hough,208,70,454,352,30.00028571700683,1.0
238,7.9332577777777775,7.9332577777777775,560.0,216.0,71.0,489.0,145.0,631.0,287.0,0.5070300786994679,True,hough,208,70,454,352,30.00028571700683,1.0
239,7.966590793650793,7.966590793650793,555.0,218.0,74.0,481.0,144.0,629.0,292.0,0.48780403020122337,True,hough,208,70,454,352,30.00028571700683,1.0
240,7.99992380952381,7.99992380952381,555.0,217.0,75.0,480.0,142.0,630.0,292.0,0.4789661970736053,True,hough,208,70,454,352,30.00028571700683,1.0
241,8.033256825396826,8.033256825396826,555.0,217.0,75.0,480.0,142.0,630.0,292.0,0.4789411988773271,True,hough,208,70,454,352,30.00028571700683,1.0
242,8.066589841269842,8.066589841269842,555.0,217.0,75.0,480.0,142.0,630.0,292.0,0.4785596104366862,True,hough,208,70,454,352,30.00028571700683,1.0
243,8.099922857142857,8.099922857142857,555.0,217.0,75.0,480.0,142.0,630.0,292.0,0.4788959434980738,True,hough,208,70,454,352,30.00028571700683,1.0
244,8.133255873015873,8.133255873015873,554.0,212.0,78.0,476.0,134.0,632.0,290.0,0.4494096006577977,True,hough,208,70,454,352,30.00028571700683,1.0
245,8.166588888888889,8.166588888888889,555.0,217.0,75.0,480.0,142.0,630.0,292.0,0.47846826857868635,True,hough,208,70,454,352,30.00028571700683,1.0
246,8.199921904761904,8.199921904761904,560.0,221.0,68.0,492.0,153.0,628.0,289.0,0.528798593690307,True,hough,208,70,454,352,30.00028571700683,1.0
247,8.23325492063492,8.23325492063492,557.0,219.0,71.0,486.0,148.0,628.0,290.0,0.5089780555440349,True,hough,208,70,454,352,30.00028571700683,1.0
248,8.266587936507936,8.266587936507936,560.0,216.0,71.0,489.0,145.0,631.0,287.0,0.5056602188918884,True,hough,208,70,454,352,30.00028571700683,1.0
249,8.299920952380953,8.299920952380953,555.0,216.0,75.0,480.0,141.0,630.0,291.0,0.4774762646160483,True,hough,208,70,454,352,30.00028571700683,1.0
250,8.333253968253969,8.333253968253969,555.0,216.0,75.0,480.0,141.0,630.0,291.0,0.47716302335577404,True,hough,208,70,454,352,30.00028571700683,1.0
251,8.366586984126984,8.366586984126984,554.0,212.0,78.0,476.0,134.0,632.0,290.0,0.4477662458173006,True,hough,208,70,454,352,30.00028571700683,1.0
252,8.39992,8.39992,557.0,216.0,73.0,484.0,143.0,630.0,289.0,0.4904286888240789,True,hough,208,70,454,352,30.00028571700683,1.0
253,8.433253015873015,8.433253015873015,557.0,216.0,73.0,484.0,143.0,630.0,289.0,0.49008625775158415,True,hough,208,70,454,352,30.00028571700683,1.0
254,8.466586031746031,8.466586031746031,557.0,216.0,73.0,484.0,143.0,630.0,289.0,0.49008252904986976,True,hough,208,70,454,352,30.00028571700683,1.0
255,8.499919047619047,8.499919047619047,555.0,217.0,74.0,481.0,143.0,629.0,291.0,0.4830649834163372,True,hough,208,70,454,352,30.00028571700683,1.0
256,8.533252063492064,8.533252063492064,555.0,217.0,74.0,481.0,143.0,629.0,291.0,0.47985350199948146,True,hough,208,70,454,352,30.00028571700683,1.0
257,8.56658507936508,8.56658507936508,555.0,217.0,74.0,481.0,143.0,629.0,291.0,0.47961478908280203,True,hough,208,70,454,352,30.00028571700683,1.0
258,8.599918095238095,8.599918095238095,555.0,217.0,74.0,481.0,143.0,629.0,291.0,0.47902476184873616,True,hough,208,70,454,352,30.00028571700683,1.0
259,8.633251111111111,8.633251111111111,555.0,215.0,75.0,480.0,140.0,630.0,290.0,0.46804410814179714,True,hough,208,70,454,352,30.00028571700683,1.0
260,8.666584126984127,8.666584126984127,558.0,217.0,74.0,484.0,143.0,632.0,291.0,0.4723041188716011,True,hough,208,70,454,352,30.00028571700683,1.0
261,8.699917142857142,8.699917142857142,555.0,218.0,72.0,483.0,146.0,627.0,290.0,0.48824031294827397,True,hough,208,70,454,352,30.00028571700683,1.0
262,8.733250158730158,8.733250158730158,559.0,218.0,71.0,488.0,147.0,630.0,289.0,0.494507097173967,True,hough,208,70,454,352,30.00028571700683,1.0
263,8.766583174603175,8.766583174603175,555.0,215.0,75.0,480.0,140.0,630.0,290.0,0.46224964917508,True,hough,208,70,454,352,30.00028571700683,1.0
264,8.799916190476191,8.799916190476191,555.0,215.0,75.0,480.0,140.0,630.0,290.0,0.4621762404739261,True,hough,208,70,454,352,30.00028571700683,1.0
265,8.833249206349207,8.833249206349207,559.0,218.0,71.0,488.0,147.0,630.0,289.0,0.4944944121530795,True,hough,208,70,454,352,30.00028571700683,1.0
266,8.866582222222222,8.866582222222222,559.0,197.0,64.0,495.0,133.0,623.0,261.0,0.553042922136973,True,hough,208,70,454,352,30.00028571700683,1.0
267,8.899915238095238,8.899915238095238,558.0,221.0,71.0,487.0,150.0,629.0,292.0,0.49620685587337415,True,hough,208,70,454,352,30.00028571700683,1.0
268,8.933248253968253,8.933248253968253,558.0,221.0,71.0,487.0,150.0,629.0,292.0,0.49609047576666127,True,hough,208,70,454,352,30.00028571700683,1.0
269,8.966581269841269,8.966581269841269,557.0,217.0,72.0,485.0,145.0,629.0,289.0,0.4857635822461415,True,hough,208,70,454,352,30.00028571700683,1.0
270,8.999914285714286,8.999914285714286,563.0,219.0,67.0,496.0,152.0,630.0,286.0,0.5263303683855833,True,hough,208,70,454,352,30.00028571700683,1.0
271,9.033247301587302,9.033247301587302,559.0,217.0,72.0,487.0,145.0,631.0,289.0,0.488063826061419,True,hough,208,70,454,352,30.00028571700683,1.0
272,9.066580317460318,9.066580317460318,559.0,216.0,74.0,485.0,142.0,633.0,290.0,0.4745215369270569,True,hough,208,70,454,352,30.00028571700683,1.0
273,9.099913333333333,9.099913333333333,559.0,217.0,72.0,487.0,145.0,631.0,289.0,0.49164113916756164,True,hough,208,70,454,352,30.00028571700683,1.0
274,9.133246349206349,9.133246349206349,566.0,215.0,71.0,495.0,144.0,637.0,286.0,0.5082486079438349,True,hough,208,70,454,352,30.00028571700683,1.0
275,9.166579365079365,9.166579365079365,565.0,219.0,67.0,498.0,152.0,632.0,286.0,0.5400610451229875,True,hough,208,70,454,352,30.00028571700683,1.0
276,9.19991238095238,9.19991238095238,560.0,215.0,74.0,486.0,141.0,634.0,289.0,0.4873965028559632,True,hough,208,70,454,352,30.00028571700683,1.0
277,9.233245396825398,9.233245396825398,559.0,215.0,74.0,485.0,141.0,633.0,289.0,0.49005746097503355,True,hough,208,70,454,352,30.00028571700683,1.0
278,9.266578412698413,9.266578412698413,560.0,210.0,78.0,482.0,132.0,638.0,288.0,0.4567842888500981,True,hough,208,70,454,352,30.00028571700683,1.0
279,9.299911428571429,9.299911428571429,559.0,213.0,74.0,485.0,139.0,633.0,287.0,0.49070014871958983,True,hough,208,70,454,352,30.00028571700683,1.0
280,9.333244444444444,9.333244444444444,559.0,213.0,74.0,485.0,139.0,633.0,287.0,0.49098870094615726,True,hough,208,70,454,352,30.00028571700683,1.0
281,9.36657746031746,9.36657746031746,559.0,212.0,75.0,484.0,137.0,634.0,287.0,0.48246790228441877,True,hough,208,70,454,352,30.00028571700683,1.0
282,9.399910476190476,9.399910476190476,559.0,212.0,75.0,484.0,137.0,634.0,287.0,0.4816002691003781,True,hough,208,70,454,352,30.00028571700683,1.0
283,9.433243492063491,9.433243492063491,559.0,212.0,75.0,484.0,137.0,634.0,287.0,0.481953065979107,True,hough,208,70,454,352,30.00028571700683,1.0
284,9.466576507936509,9.466576507936509,565.0,219.0,67.0,498.0,152.0,632.0,286.0,0.5453612984937168,True,hough,208,70,454,352,30.00028571700683,1.0
285,9.499909523809524,9.499909523809524,559.0,215.0,74.0,485.0,141.0,633.0,289.0,0.492537317688265,True,hough,208,70,454,352,30.00028571700683,1.0
286,9.53324253968254,9.53324253968254,565.0,217.0,70.0,495.0,147.0,635.0,287.0,0.5166954699118731,True,hough,208,70,454,352,30.00028571700683,1.0
287,9.566575555555556,9.566575555555556,564.0,215.0,71.0,493.0,144.0,635.0,286.0,0.5083226581482461,True,hough,208,70,454,352,30.00028571700683,1.0
288,9.599908571428571,9.599908571428571,559.0,213.0,75.0,484.0,138.0,634.0,288.0,0.47546138807386623,True,hough,208,70,454,352,30.00028571700683,1.0
289,9.633241587301587,9.633241587301587,564.0,221.0,67.0,497.0,154.0,631.0,288.0,0.5397448089148682,True,hough,208,70,454,352,30.00028571700683,1.0
290,9.666574603174602,9.666574603174602,559.0,218.0,72.0,487.0,146.0,631.0,290.0,0.4938060516198278,True,hough,208,70,454,352,30.00028571700683,1.0
291,9.699907619047618,9.699907619047618,559.0,218.0,72.0,487.0,146.0,631.0,290.0,0.49339132116881484,True,hough,208,70,454,352,30.00028571700683,1.0
292,9.733240634920636,9.733240634920636,564.0,222.0,67.0,497.0,155.0,631.0,289.0,0.5349746155394295,True,hough,208,70,454,352,30.00028571700683,1.0
293,9.766573650793651,9.766573650793651,558.0,213.0,76.0,482.0,137.0,634.0,289.0,0.45875983427689143,True,hough,208,70,454,352,30.00028571700683,1.0
294,9.799906666666667,9.799906666666667,559.0,218.0,72.0,487.0,146.0,631.0,290.0,0.49304595643588883,True,hough,208,70,454,352,30.00028571700683,1.0
295,9.833239682539682,9.833239682539682,559.0,218.0,72.0,487.0,146.0,631.0,290.0,0.4928756162414402,True,hough,208,70,454,352,30.00028571700683,1.0
296,9.866572698412698,9.866572698412698,558.0,216.0,75.0,483.0,141.0,633.0,291.0,0.4671592910391848,True,hough,208,70,454,352,30.00028571700683,1.0
297,9.899905714285714,9.899905714285714,558.0,218.0,74.0,484.0,144.0,632.0,292.0,0.4757180196497336,True,hough,208,70,454,352,30.00028571700683,1.0
298,9.93323873015873,9.93323873015873,558.0,216.0,75.0,483.0,141.0,633.0,291.0,0.46663613263911374,True,hough,208,70,454,352,30.00028571700683,1.0
299,9.966571746031747,9.966571746031747,565.0,217.0,71.0,494.0,146.0,636.0,288.0,0.4991134554321884,True,hough,208,70,454,352,30.00028571700683,1.0
300,9.999904761904762,9.999904761904762,559.0,217.0,74.0,485.0,143.0,633.0,291.0,0.47812305110918524,True,hough,208,70,454,352,30.00028571700683,1.0
301,10.033237777777778,10.033237777777778,559.0,218.0,72.0,487.0,146.0,631.0,290.0,0.49294837297790123,True,hough,208,70,454,352,30.00028571700683,1.0
302,10.066570793650794,10.066570793650794,558.0,215.0,75.0,483.0,140.0,633.0,290.0,0.4684497526809601,True,hough,208,70,454,352,30.00028571700683,1.0
303,10.09990380952381,10.09990380952381,558.0,215.0,75.0,483.0,140.0,633.0,290.0,0.4685031830822743,True,hough,208,70,454,352,30.00028571700683,1.0
304,10.133236825396825,10.133236825396825,559.0,218.0,72.0,487.0,146.0,631.0,290.0,0.4930373272222429,True,hough,208,70,454,352,30.00028571700683,1.0
305,10.16656984126984,10.16656984126984,558.0,215.0,75.0,483.0,140.0,633.0,290.0,0.46911395518619087,True,hough,208,70,454,352,30.00028571700683,1.0
306,10.199902857142858,10.199902857142858,559.0,217.0,74.0,485.0,143.0,633.0,291.0,0.4784363383795404,True,hough,208,70,454,352,30.00028571700683,1.0
307,10.233235873015873,10.233235873015873,559.0,216.0,74.0,485.0,142.0,633.0,290.0,0.47762197794101263,True,hough,208,70,454,352,30.00028571700683,1.0
308,10.266568888888889,10.266568888888889,559.0,216.0,74.0,485.0,142.0,633.0,290.0,0.47749472597002124,True,hough,208,70,454,352,30.00028571700683,1.0
309,10.299901904761905,10.299901904761905,559.0,218.0,72.0,487.0,146.0,631.0,290.0,0.49309635538987967,True,hough,208,70,454,352,30.00028571700683,1.0
310,10.33323492063492,10.33323492063492,560.0,218.0,72.0,488.0,146.0,632.0,290.0,0.49361072473591866,True,hough,208,70,454,352,30.00028571700683,1.0
311,10.366567936507936,10.366567936507936,557.0,219.0,74.0,483.0,145.0,631.0,293.0,0.477003988175456,True,hough,208,70,454,352,30.00028571700683,1.0
312,10.399900952380952,10.399900952380952,548.0,217.0,82.0,466.0,135.0,630.0,299.0,0.41471973411335483,True,hough,208,70,454,352,30.00028571700683,1.0
313,10.433233968253969,10.433233968253969,559.0,218.0,73.0,486.0,145.0,632.0,291.0,0.48242137881058816,True,hough,208,70,454,352,30.00028571700683,1.0
314,10.466566984126985,10.466566984126985,559.0,218.0,73.0,486.0,145.0,632.0,291.0,0.4822718454184161,True,hough,208,70,454,352,30.00028571700683,1.0
315,10.4999,10.4999,559.0,219.0,74.0,485.0,145.0,633.0,293.0,0.47403308717037296,True,hough,208,70,454,352,30.00028571700683,1.0
316,10.533233015873016,10.533233015873016,565.0,221.0,71.0,494.0,150.0,636.0,292.0,0.49776255030696875,True,hough,208,70,454,352,30.00028571700683,1.0
317,10.566566031746031,10.566566031746031,557.0,221.0,74.0,483.0,147.0,631.0,295.0,0.4719039517379181,True,hough,208,70,454,352,30.00028571700683,1.0
318,10.599899047619047,10.599899047619047,557.0,221.0,74.0,483.0,147.0,631.0,295.0,0.47155424118540185,True,hough,208,70,454,352,30.00028571700683,1.0
319,10.633232063492063,10.633232063492063,555.0,222.0,72.0,483.0,150.0,627.0,294.0,0.48859177909966284,True,hough,208,70,454,352,30.00028571700683,1.0
320,10.66656507936508,10.66656507936508,555.0,222.0,72.0,483.0,150.0,627.0,294.0,0.48925876992776546,True,hough,208,70,454,352,30.00028571700683,1.0
321,10.699898095238096,10.699898095238096,558.0,221.0,74.0,484.0,147.0,632.0,295.0,0.4751385102620781,True,hough,208,70,454,352,30.00028571700683,1.0
322,10.733231111111111,10.733231111111111,557.0,222.0,72.0,485.0,150.0,629.0,294.0,0.48951363355661087,True,hough,208,70,454,352,30.00028571700683,1.0
323,10.766564126984127,10.766564126984127,561.0,219.0,70.0,491.0,149.0,631.0,289.0,0.5068917954660979,True,hough,208,70,454,352,30.00028571700683,1.0
324,10.799897142857143,10.799897142857143,563.0,221.0,71.0,492.0,150.0,634.0,292.0,0.49808742881968415,True,hough,208,70,454,352,30.00028571700683,1.0
325,10.833230158730158,10.833230158730158,563.0,221.0,71.0,492.0,150.0,634.0,292.0,0.4980909457200255,True,hough,208,70,454,352,30.00028571700683,1.0
326,10.866563174603174,10.866563174603174,563.0,221.0,71.0,492.0,150.0,634.0,292.0,0.49797896290122295,True,hough,208,70,454,352,30.00028571700683,1.0
327,10.89989619047619,10.89989619047619,563.0,225.0,67.0,496.0,158.0,630.0,292.0,0.5304317574312178,True,hough,208,70,454,352,30.00028571700683,1.0
328,10.933229206349207,10.933229206349207,558.0,221.0,74.0,484.0,147.0,632.0,295.0,0.47044598406297516,True,hough,208,70,454,352,30.00028571700683,1.0
329,10.966562222222223,10.966562222222223,555.0,221.0,72.0,483.0,149.0,627.0,293.0,0.48553097226969605,True,hough,208,70,454,352,30.00028571700683,1.0
330,10.999895238095238,10.999895238095238,557.0,217.0,75.0,482.0,142.0,632.0,292.0,0.46318867089189014,True,hough,208,70,454,352,30.00028571700683,1.0
331,11.033228253968254,11.033228253968254,558.0,221.0,72.0,486.0,149.0,630.0,293.0,0.48812057242229945,True,hough,208,70,454,352,30.00028571700683,1.0
332,11.06656126984127,11.06656126984127,557.0,217.0,75.0,482.0,142.0,632.0,292.0,0.46284281140459105,True,hough,208,70,454,352,30.00028571700683,1.0
333,11.099894285714285,11.099894285714285,558.0,219.0,72.0,486.0,147.0,630.0,291.0,0.4873197306891404,True,hough,208,70,454,352,30.00028571700683,1.0
334,11.1332273015873,11.1332273015873,558.0,218.0,74.0,484.0,144.0,632.0,292.0,0.47168483041289183,True,hough,208,70,454,352,30.00028571700683,1.0
335,11.166560317460318,11.166560317460318,559.0,222.0,71.0,488.0,151.0,630.0,293.0,0.49764482326927456,True,hough,208,70,454,352,30.00028571700683,1.0
336,11.199893333333334,11.199893333333334,564.0,223.0,67.0,497.0,156.0,631.0,290.0,0.5311877907476923,True,hough,208,70,454,352,30.00028571700683,1.0
337,11.23322634920635,11.23322634920635,564.0,223.0,67.0,497.0,156.0,631.0,290.0,0.5312649357604619,True,hough,208,70,454,352,30.00028571700683,1.0
338,11.266559365079365,11.266559365079365,564.0,223.0,67.0,497.0,156.0,631.0,290.0,0.5311062446637573,True,hough,208,70,454,352,30.00028571700683,1.0
339,11.29989238095238,11.29989238095238,559.0,218.0,73.0,486.0,145.0,632.0,291.0,0.48024596485876797,True,hough,208,70,454,352,30.00028571700683,1.0
340,11.333225396825396,11.333225396825396,557.0,219.0,72.0,485.0,147.0,629.0,291.0,0.48617324956113106,True,hough,208,70,454,352,30.00028571700683,1.0
341,11.366558412698412,11.366558412698412,557.0,219.0,72.0,485.0,147.0,629.0,291.0,0.4859884684878126,True,hough,208,70,454,352,30.00028571700683,1.0
342,11.39989142857143,11.39989142857143,558.0,221.0,72.0,486.0,149.0,630.0,293.0,0.4864144495138047,True,hough,208,70,454,352,30.00028571700683,1.0
343,11.433224444444445,11.433224444444445,558.0,221.0,72.0,486.0,149.0,630.0,293.0,0.4862574545687914,True,hough,208,70,454,352,30.00028571700683,1.0
344,11.46655746031746,11.46655746031746,558.0,221.0,72.0,486.0,149.0,630.0,293.0,0.48622197187007804,True,hough,208,70,454,352,30.00028571700683,1.0
345,11.499890476190476,11.499890476190476,559.0,223.0,71.0,488.0,152.0,630.0,294.0,0.4955879620121555,True,hough,208,70,454,352,30.00028571700683,1.0
346,11.533223492063492,11.533223492063492,558.0,219.0,74.0,484.0,145.0,632.0,293.0,0.4704640289125092,True,hough,208,70,454,352,30.00028571700683,1.0
347,11.566556507936507,11.566556507936507,558.0,223.0,71.0,487.0,152.0,629.0,294.0,0.49515110533057183,True,hough,208,70,454,352,30.00028571700683,1.0
348,11.599889523809523,11.599889523809523,547.0,219.0,82.0,465.0,137.0,629.0,301.0,0.4103970519339952,True,hough,208,70,454,352,30.00028571700683,1.0
349,11.63322253968254,11.63322253968254,558.0,222.0,72.0,486.0,150.0,630.0,294.0,0.48716047355607967,True,hough,208,70,454,352,30.00028571700683,1.0
